Workbook

Sheet Student_Performance_Data
A1: Student_ID | B1: School_Name | C1: Region | D1: School_Type | E1: Enrollment | F1: Num_Teachers | G1: Student_Teacher_Ratio | H1: Budget_Per_Student_USD | I1: Library_Books | J1: Num_Computers | K1: Computer_Student_Ratio | L1: Extracurricular_Programs | M1: Avg_Teacher_Experience_Yrs | N1: Teacher_Qualification_Pct | O1: Attendance_Rate_Pct | P1: Dropout_Rate_Pct | Q1: Avg_Test_Score | R1: Graduation_Rate_Pct | S1: Pass_Rate_Pct | T1: STEM_Score | U1: Literacy_Score
A2: 1 | B2: Riverside High | C2: North | D2: Charter | E2: 763 | F2: 41 | G2: 18.6 | H2: 2950.87 | I2: 2179 | J2: 366 | K2: 0.48 | L2: 18 | M2: 3.1 | N2: 71.1 | O2: 70.9 | P2: 3.7 | Q2: 76.9 | R2: 87.9 | S2: 69.9 | T2: 79.3 | U2: 77.6
A3: 2 | B3: Hillcrest Institute | C3: West | D3: Charter | E3: 769 | F3: 113 | G3: 6.8 | H3: 7150.45 | I3: 3115 | J3: 377 | K3: 0.49 | L3: 14 | M3: 9.2 | N3: 57.8 | O3: 97.8 | P3: 5.4 | Q3: 97.5 | R3: 85.2 | S3: 84 | T3: 99.2 | U3: 102.4
A4: 3 | B4: Westbrook School | C4: Central | D4: Public | E4: 975 | F4: 20 | G4: 48.8 | H4: 5088.26 | I4: 6425 | J4: 315 | K4: 0.32 | L4: 7 | M4: 17.9 | N4: 52.3 | O4: 76.6 | P4: 4.7 | Q4: 62 | R4: 87.9 | S4: 56 | T4: 58.4 | U4: 64.2
A5: 4 | B5: Sunrise Academy | C5: South | D5: Private | E5: 927 | F5: 36 | G5: 25.8 | H5: 5856.14 | I5: 1669 | J5: 331 | K5: 0.36 | L5: 6 | M5: 13.8 | N5: 62.2 | O5: 83.4 | P5: 4.4 | Q5: 96.7 | R5: 93.1 | S5: 89.5 | T5: 93.9 | U5: 101
A6: 5 | B6: Greenfield Academy | C6: South | D6: Public | E6: 1848 | F6: 50 | G6: 37 | H6: 4107.57 | I6: 1584 | J6: 128 | K6: 0.07 | L6: 19 | M6: 22 | N6: 65.7 | O6: 89 | P6: 6.2 | Q6: 83.5 | R6: 87.2 | S6: 75.9 | T6: 79.4 | U6: 84.5
A7: 6 | B7: Lakeview School | C7: Central | D7: Private | E7: 1395 | F7: 61 | G7: 22.9 | H7: 3852.98 | I7: 2766 | J7: 280 | K7: 0.2 | L7: 16 | M7: 3.2 | N7: 52.4 | O7: 73.2 | P7: 9.6 | Q7: 82.5 | R7: 80 | S7: 76.9 | T7: 80.6 | U7: 90.4
A8: 7 | B8: Eastgate Institute | C8: East | D8: Charter | E8: 1962 | F8: 11 | G8: 178.4 | H8: 5921.84 | I8: 2376 | J8: 369 | K8: 0.19 | L8: 18 | M8: 19 | N8: 88.4 | O8: 79.9 | P8: 4.8 | Q8: 35 | R8: 85.4 | S8: 30 | T8: 38.5 | U8: 42.6
A9: 8 | B9: Oakwood Secondary | C9: Central | D9: Public | E9: 1982 | F9: 90 | G9: 22 | H9: 3439.89 | I9: 8817 | J9: 331 | K9: 0.17 | L9: 7 | M9: 4.7 | N9: 88.1 | O9: 85.6 | P9: 11.8 | Q9: 82.9 | R9: 71.4 | S9: 74.7 | T9: 75.2 | U9: 89.8
A10: 9 | B10: Lakeview School | C10: South | D10: Public | E10: 693 | F10: 82 | G10: 8.5 | H10: 7655.17 | I10: 1903 | J10: 394 | K10: 0.57 | L10: 16 | M10: 20.6 | N10: 98.9 | O10: 85.4 | P10: 2.3 | Q10: 98 | R10: 99 | S10: 91.3 | T10: 98.4 | U10: 99.7
A11: 10 | B11: Hillcrest Institute | C11: Central | D11: Charter | E11: 1612 | F11: 35 | G11: 46.1 | H11: 6134.17 | I11: 7037 | J11: 363 | K11: 0.23 | L11: 12 | M11: 11.5 | N11: 75.9 | O11: 73.5 | P11: 3.8 | Q11: 76.8 | R11: 93.3 | S11: 69.5 | T11: 72.3 | U11: 69.9
A12: 11 | B12: Greenfield Academy | C12: South | D12: Public | E12: 264 | F12: 120 | G12: 2.2 | H12: 3647.79 | I12: 8923 | J12: 141 | K12: 0.53 | L12: 9 | M12: 17.1 | N12: 60.7 | O12: 73.8 | P12: 14.1 | Q12: 88.7 | R12: 71.5 | S12: 75.9 | T12: 93.6 | U12: 83.7
A13: 12 | B13: Riverside High | C13: West | D13: Private | E13: 1067 | F13: 62 | G13: 17.2 | H13: 4535.66 | I13: 1387 | J13: 364 | K13: 0.34 | L13: 4 | M13: 2.5 | N13: 86.4 | O13: 93.2 | P13: 2.1 | Q13: 84.9 | R13: 96.2 | S13: 78.5 | T13: 79.8 | U13: 84.3
... A101: 100 | B101: Greenfield Academy | C101: East | D101: Charter | E101: 1372 | F101: 57 | G101: 24.1 | H101: 4538.14 | I101: 9538 | J101: 86 | K101: 0.06 | L101: 20 | M101: 22.2 | N101: 53.3 | O101: 81.5 | P101: 10.9 | Q101: 80.4 | R101: 77.3 | S101: 71.3 | T101: 81.6 | U101: 74.4

Sheet Summary_Statistics
A1: Educational Outcomes — Summary Statistics
A3: Metric | B3: Average | C3: Min | D3: Max
A4: Enrollment | B4: =AVERAGE(Student_Performance_Data!E2:E101) | C4: =MIN(Student_Performance_Data!E2:E101) | D4: =MAX(Student_Performance_Data!E2:E101)
A5: Student-Teacher Ratio | B5: =AVERAGE(Student_Performance_Data!G2:G101) | C5: =MIN(Student_Performance_Data!G2:G101) | D5: =MAX(Student_Performance_Data!G2:G101)
A6: Budget/Student (USD) | B6: =AVERAGE(Student_Performance_Data!H2:H101) | C6: =MIN(Student_Performance_Data!H2:H101) | D6: =MAX(Student_Performance_Data!H2:H101)
A7: Library Books | B7: =AVERAGE(Student_Performance_Data!I2:I101) | C7: =MIN(Student_Performance_Data!I2:I101) | D7: =MAX(Student_Performance_Data!I2:I101)
A8: Computers | B8: =AVERAGE(Student_Performance_Data!J2:J101) | C8: =MIN(Student_Performance_Data!J2:J101) | D8: =MAX(Student_Performance_Data!J2:J101)
A9: Extracurricular Programs | B9: =AVERAGE(Student_Performance_Data!L2:L101) | C9: =MIN(Student_Performance_Data!L2:L101) | D9: =MAX(Student_Performance_Data!L2:L101)
A10: Teacher Experience (Yrs) | B10: =AVERAGE(Student_Performance_Data!M2:M101) | C10: =MIN(Student_Performance_Data!M2:M101) | D10: =MAX(Student_Performance_Data!M2:M101)
A11: Teacher Qualification (%) | B11: =AVERAGE(Student_Performance_Data!N2:N101) | C11: =MIN(Student_Performance_Data!N2:N101) | D11: =MAX(Student_Performance_Data!N2:N101)
A12: Attendance Rate (%) | B12: =AVERAGE(Student_Performance_Data!O2:O101) | C12: =MIN(Student_Performance_Data!O2:O101) | D12: =MAX(Student_Performance_Data!O2:O101)
A13: Dropout Rate (%) | B13: =AVERAGE(Student_Performance_Data!P2:P101) | C13: =MIN(Student_Performance_Data!P2:P101) | D13: =MAX(Student_Performance_Data!P2:P101)
A14: Avg Test Score | B14: =AVERAGE(Student_Performance_Data!Q2:Q101) | C14: =MIN(Student_Performance_Data!Q2:Q101) | D14: =MAX(Student_Performance_Data!Q2:Q101)
A15: Graduation Rate (%) | B15: =AVERAGE(Student_Performance_Data!R2:R101) | C15: =MIN(Student_Performance_Data!R2:R101) | D15: =MAX(Student_Performance_Data!R2:R101)
A16: Pass Rate (%) | B16: =AVERAGE(Student_Performance_Data!S2:S101) | C16: =MIN(Student_Performance_Data!S2:S101) | D16: =MAX(Student_Performance_Data!S2:S101)
A17: STEM Score | B17: =AVERAGE(Student_Performance_Data!T2:T101) | C17: =MIN(Student_Performance_Data!T2:T101) | D17: =MAX(Student_Performance_Data!T2:T101)
A18: Literacy Score | B18: =AVERAGE(Student_Performance_Data!U2:U101) | C18: =MIN(Student_Performance_Data!U2:U101) | D18: =MAX(Student_Performance_Data!U2:U101)

Sheet Data_Dictionary
A1: Data Dictionary
A3: Column Name | B3: Data Type | C3: Description
A4: Student_ID | B4: Integer | C4: Unique identifier for each student record (1–100)
A5: School_Name | B5: Text | C5: Name of the school attended
A6: Region | B6: Text | C6: Geographic region: North, South, East, West, Central
A7: School_Type | B7: Text | C7: Type of school: Public, Private, or Charter
A8: Enrollment | B8: Integer | C8: Total number of students enrolled
A9: Num_Teachers | B9: Integer | C9: Total number of teaching staff
A10: Student_Teacher_Ratio | B10: Decimal | C10: Ratio of students per teacher
A11: Budget_Per_Student_USD | B11: Decimal | C11: Annual budget allocated per student in USD
A12: Library_Books | B12: Integer | C12: Number of books available in the school library
A13: Num_Computers | B13: Integer | C13: Number of computers available for student use
A14: Computer_Student_Ratio | B14: Decimal | C14: Ratio of computers per student
... A24: Literacy_Score | B24: Decimal | C24: Average score in literacy/reading assessments
